id,policy_system,sub_policy_system,intervention,featured,confidence_level,help_text,,,
135,Education,,Attending a high quality Head Start program ,,Well-Supported Projection,Effect on a child's future income as a result of attending a high quality Head Start program,,,
145,Education,,Attending a model preschool program (moderate estimate),50%,Well-Supported Projection,Effect on a child's future income as a result of attending a model preschool program (optimistic estimate),,,
150,Education,,Attending a model preschool program (optimistic estimate),,Exploratory Projection,Effect on a child's future income as a result of attending a model preschool program (optimistic estimate),,,
136,Education,,Receiving a childcare voucher (impact on child),,Reasonable Estimate,Effect on child's future income as a result of family receiving a substantial childcare voucher,,,
165,Education,,Receiving a childcare voucher (impact on parent),,Well-Supported Projection,Effect on a household's current budget as a result of receiving a childcare voucher,,,
160,Education,,Participating in a home visiting program ,,,Effect on child's future income as a result of family participating in a home visiting program,,,
76,Education,,Completing high school education,,Well-Supported Projection,Effect on child's future income as a result of completing high school,,,
221,Education,,Increased per pupil spending due to K-12 funding reform,50%,Well-Supported Projection,Effect on child's future income of a 10% increase school funding for 12 years of public schooling,,,
231,Education,,Attending a high quality charter school  (impact on age 24 ed attainment),,Reasonable Estimate,Effect on child's future income as a result of attending a high quality charter school and the impact on age 24 ed attainment,,,
241,Education,,Having a high quality teacher in primary school ,,Reasonable Estimate,Effect on child's future income of having a teacher 1 SD stronger than the norm in primary school. ,,,
246,Education,,Having a high quality teacher in middle school ,,Reasonable Estimate,Effect on child's future income of having a teacher 1 SD stronger than the norm in grades 4 through 8. ,,,
257,Education,,Attending a racially integrated public school ,,Well-Supported Projection,Effect on child's future income as a result of Black and Hispanic children attending a school with many White peers for 5 years,,,
201,Education,,Avoiding repeated school disciplinary actions,,Exploratory Projection,Effect on child's future income as a result of avoiding repeated school disciplinary actions,,,
176,Education,,Receiving high-dosage tutoring,,Well-Supported Projection,Effect on child's future income as a result of receiving high-dosage tutoring,,,
181,Education,,Attending a school that uses the community school model ,,Reasonable Estimate,Effect on child's future income as a result of attending a school that uses the community school model,,,
211,Education,,Receiving mentorship during adolescence moderate,,Well-Supported Projection,Effect on child's future income as a result of receiving mentorship during adolescence (moderate estimate),,,
216,Education,,Receiving mentorship during adolescence optimistic,,Exploratory Projection,Effect on child's future income as a result of receiving mentorship during adolescence (optimistic estimate),,,
191,Education,,Accessing extracurriculars during adolescence (e.g. part-time work) ,,Reasonable Estimate,Effect on child's future income as a result of accessing extracurriculars during adolescence (e.g. part-time work)  ,,,
196,Education,,"Accessing extracurriculars during adolescence (e.g sports, clubs)",,Reasonable Estimate,"Effect on child's future income as a result of accessing extracurriculars during adolescence (e.g sports, clubs)",,,
186,Education,,Participating in career and technical education ,,Well-Supported Projection,Effect on child's future income as a result of participating in career and technical education ,,,
267,Education,,Receiving instruction using the science of reading ,,Reasonable Estimate,Effect on child's future income as a result of receiving instruction using the science of reading ,,,
67,Education,,Pursuing / completing postsecondary education: high school to certificate,,Well-Supported Projection,Effect on child's future income as a result of pursuing / completing postsecondary education: high school to certificate,,,
70,Education,,Pursuing / completing postsecondary education: high school & some college to earning associates,,Well-Supported Projection,Effect on child's future income as a result of pursuing / completing postsecondary education: high school & some college to earning associates,,,
73,Education,,Pursuing / completing postsecondary education: high School & some college to earning a bachelor's,,,Effect on child's future income as a result of pursuing / completing postsecondary education: high School & some college to earning a bachelor's,,,
86,Education,,Gaining eligibility for a Promise Scholarship,,,Effect on child's future income as a result of gaining eligibility for a Promise Scholarship,,,
88,Education,,Having access to traditional financial aid,,,Effect on child's future income as a result of having access to traditional financial aid,,,
79,Education,,Receiving college matching supports ,,,Effect on child's future income as a result of receiving college matching supports ,,,
84,Education,,Receiving college persistence supports ,,,Effect on child's future income as a result of receiving college persistence supports ,,,
82,Education,,Receiving college advising supports,,,Effect on child's future income as a result of receiving college advising supports,,,
458,Education,,Graduating with a degree in a high-paying field of study,,,Effect on child's future income as a result of graduating with a degree in a high-paying field of study,,,
262,Education,,Attending a racially integrated public school (impact on age 24 ed attainment),,,Effect on child's future income as attending a racially integrated public school and the impact on age 24 ed attainment,,,
443,Education,,Attending a high quality college,,,Effect on child's future income as a result of accessing pre-K and other early childhood development opportunities,,,
137,Education,,Accessing pre-K and other early childhood development opportunities,,,Effect on child's future income as a result of receiving instruction using the science of reading ,,,
94,Housing,,"Accessing stable, affordable housing as a child for 5 years",,,"Effect on child's future income as a result of accessing stable, affordable housing as a child for 10 years",,,
95,Housing,,"Accessing stable, affordable housing as a child for 10 years",,,"Effect on child's future income as a result of accessing stable, affordable housing as a child for 5 years",,,
102,Housing,,"Accessing stable, affordable housing as a adult",,,Effect on a household's current budget as a result of accessing affordable housing,,,
96,Housing,,Receiving a housing voucher as a child for 5 years,,,Effect on child's future income as a result of accessing a housing voucher as a child for 5 years,,,
97,Housing,,Receiving a housing voucher as a child for 10 years,,,Effect on child's future income as a result of accessing a housing voucher as a child for 10 years,,,
103,Housing,,Receiving a housing voucher as a adult,,,Effect on a household's current budget as a result of accessing a housing voucher,,,
104,Housing,,Accessing public housing as a adult,,,Effect on a household's current budget as a result of accessing public housing,,,
98,Housing,,Accessing public housing as a child for 5 years,,,Effect on child's future income as a result of accessing public housing as a child for 5 years,,,
99,Housing,,Accessing public housing as a child for 10 years,,,Effect on child's future income as a result of accessing public housing as a child for 10 years,,,
107,Housing,,Benefiting from increased supply of affordable housing as a child for 5 years,50%,,Effect on child's future income as a result of benefiting from an increase supply of affordable housing as a child for 5 years,,,
109,Housing,,Benefiting from increased supply of affordable housing as a child for 10 years,,,Effect on child's future income as a result of benefiting from an increase supply of affordable housing as a child for 10 years,,,
120,Housing,,Benefiting from increased supply of affordable housing as a adult,,,Effect on a household's current budget as a result of benefiting from an increase supply of affordable housing,,,
,Housing,,Receiving down payment assistance as a child for 5 years,,,Effect on child's future income as a result of accessing down payment assistance as a child for 5 years,,,
,Housing,,Receiving down payment assistance as a child for 10 years,,,Effect on child's future income as a result of accessing down payment assistance as a child for 10 years,,,
128,Housing,,Receiving down payment assistance as an adult,,,Effect on a household's current budget as a result of accessing down payment assistance,,,
132,Housing,,Benefiting from sustained community investment initiatives (modest),,,Effect on child's future income as a result of benefiting from sustained community investment (modest estimate),,,
134,Housing,,Benefiting from sustained community investment initiatives (significant),,,Effect on child's future income as a result of benefiting from sustained community investment (significant estimate),,,
13375,Housing,,Moving to a neighborhood with a lower poverty rate (modest),,,Effect on child's future income as a result of moving to a neighborhood with a lower poverty rate as a child (modest estimate),,,
13315,Housing,,Moving to a neighborhood with a lower poverty rate (moderate),,,Effect on child's future income as a result of moving to a neighborhood with a lower poverty rate as a child (moderate estimate),,,
13315,Housing,,Moving to a neighborhood with a lower poverty rate (significant),,,Effect on child's future income as a result of moving to a neighborhood with a lower poverty rate as a child (significant estimate),,,
,Housing,,Increased access to home credit for 5 years,,,Effect on child's future income as a result of increased access to home credit for 5 years,,,
,Housing,,Increased access to home credit for 10 years,,,Effect on child's future income as a result of increased access to home credit for 10 years,,,
307,Healthcare,,Have access to Medicaid in utero,,,Effect on child's future income as a result of having access to Medicaid in utero,,,
312,Healthcare,,"Having access to Medicaid in childhood 
",,,Effect on child's future income as a result of having access to Medicaid in childhood,,,
313,Healthcare,,Being covered by the Children's Health Insurance Program (CHIP),,,Effect on child's future income as a result of being covered by the Children's Health Insurance Program (CHIP),,,
322,Healthcare,,Having access to Medicaid in adulthood,,,Effect on a household's current budget as a result of having access to Medicaid in adulthood,,,
302,Healthcare,,Accessing pre- and post-natal care ,,,Effect on child's future income as a result of having access to pre- and postnatal care,,,
297,Healthcare,,Being born within a healthy birth weight,,,Effect on child's future income as a result of being born within a healthy birth weight,,,
327,Healthcare,,Having access to adequate nutrition and a balanced diet in childhood conservative,,,Effect on child's future income as a result of being born within a healthy birth weight,,,
332,Healthcare,,Having access to adequate nutrition and a balanced diet in childhood optimistic,,,Effect on child's future income as a result of having access to adequate nutrition and a balanced diet in childhood optimistic,,,
337,Healthcare,,Having low exposure to traumatic experiences (including ACES) optimistic,,,Effect on child's future income as a result of having low exposure to traumatic experiences (including ACES) optimistic,,,
342,Healthcare,,Having low exposure to traumatic experiences (including ACES) conservative,,,Effect on child's future income as a result of having low exposure to traumatic experiences (including ACES) conservative,,,
308,Healthcare,,Accessing care for mental and physical health conditions in utero,,,Effect on child's future income as a result of accessing care for mental and physical health conditions in utero,,,
314,Healthcare,,Accessing care for mental and physical health conditions as a child,,,Effect on child's future income as a result of accessing care for mental and physical health conditions as a child,,,
323,Healthcare,,Accessing care for mental and physical health conditions in adulthood,,,Effect on a household's current budget as a result of accessing care for mental and physical health conditions in adulthood,,,
347,Healthcare,,Participating in school breakfast and lunch programs,,,Effect on child's future income as a result of participating in school breakfast and lunch programs,,,
351,Social Safety Net,,Accessing public benefits and programs effect on child,,,Effect on child's future income as a result of accessing public benefits and programs effect on child,,,
"1,498",Social Safety Net,,Accessing public benefits and programs effect on adult,,,Effect on a household's current budget as a result of accessing public benefits and programs effect on adult,,,
389,Social Safety Net,,Receiving a larger Earned Income Tax Credit EITC in childhood (0-18),,,Effect on child's future income as a result of receiving a larger Earned Income Tax Credit EITC in childhood (0-18),,,
"1,493",Social Safety Net,,Receiving a larger Earned Income Tax Credit EITC as an adult,,,Effect on a household's current budget as a result of receiving a larger Earned Income Tax Credit EITC as an adult,,,
390,Social Safety Net,,Receiving a larger Child Tax Credit in childhood (0-18),,,Effect on child's future income as a result of receiving a larger Child Tax Credit in childhood (0-18),,,
"1,494",Social Safety Net,,Receiving a larger Child Tax Credit as an adult ,,,Effect on a household's current budget as a result of receiving a larger Child Tax Credit as an adult ,,,
361,Social Safety Net,,Receiving increased Temporary Assistance for Needy Families in childhood ,,,Effect on child's future income as a result of receiving increased Temporary Assistance for Needy Families in childhood ,,,
"1,488",Social Safety Net,,Receiving increased Temporary Assistance for Needy Families as an adult,,,Effect on a household's current budget as a result of receiving increased Temporary Assistance for Needy Families as an adult,,,
411,Social Safety Net,,Receiving increased Supplemental Nutrition Assistance Program benefits in childhood,,,Effect on child's future income as a result of receiving increased Supplemental Nutrition Assistance Program benefits in childhood,,,
1483,Social Safety Net,,Receiving increased Supplemental Nutrition Assistance Program benefits as an adult,,,Effect on a household's current budget as a result of receiving increased Supplemental Nutrition Assistance Program benefits as an adult,,,
404,Social Safety Net,,Having access to more generous Unemployment Insurance in childhood,,,Effect on child's future income as a result of having access to more generous Unemployment Insurance in childhood,,,
410,Social Safety Net,,Having access to more generous Unemployment Insurance as an adult,,,Effect on a household's current budget as a result of having access to more generous Unemployment Insurance as an adult,,,
417,Social Safety Net,,Not having to provide unpaid care for children,,,Effect on a household's current budget as a result of not having to provide unpaid care for children,,,
54,Employment,,Being represented by a union ,,,Effect on a household's current budget as a result of being represented by a union ,,,
58,Employment,,Benefiting from an increased minimum wage ,,,Effect on a household's current budget as a result of benefiting from an increased minimum wage ,,,
40,Employment,,Obtaining a first full-time job that offers opportunity for advancement,,,Effect on a household's current budget as a result of obtaining a first full-time job that offers opportunity for advancement,,,
44,Employment,,Avoiding involuntary unemployment,,,Effect on a household's current budget as a result of avoiding involuntary unemployment,,,
61,Employment,,Benefiting from competition policy that reduces firm power to markdown wages,,,Effect on a household's current budget as a result of benefiting from competition policy that reduces firm power to markdown wages,,,
438,Employment,,Accessing non-wage employment-based benefits (including healthcare and retirement),,,Effect on a household's current budget as a result of accessing non-wage employment-based benefits (including healthcare and retirement),,,
443,Employment,,Benefitng from stronger anti-discrimination laws (moderate),,,Effect on a household's current budget as a result of benefiting from stronger anti-discrimination laws (moderate),,,
448,Employment,,Benefiting from stronger anti-discrimination laws (aggressive),,,Effect on a household's current budget as a result of benefiting from stronger anti-discrimination laws (aggressive),,,
453,Employment,,Benefiting from guaranteed employment and other full-employment strategies,,,Effect on a household's current budget as a result of benefiting from guaranteed employment and other full-employment strategies,,,
48,Employment,,Receiving job or skills training (moderate),,,Effect on a household's current budget as a result of receiving job or skills training (moderate),,,
49,Employment,,Receiving job or skills training (significant),,,Effect on a household's current budget as a result of receiving job or skills training (significant),,,
272,Banking,,Experiencing financial inclusion (including financial education and access) ,,,Effect on a household's current budget as a result of experiencing financial inclusion (including financial education and access) ,,,
277,Banking,,Having access to a low cost checking accounts ,,,Effect on a household's current budget as a result of having access to a low cost checking accounts ,,,
282,Banking,,Benefiting from regulation of overdraft fees,,,Effect on a household's current budget as a result of benefiting from regulation of overdraft fees,,,
287,Banking,,Benefiting from regulation of fringe lenders (moderate),,,Effect on a household's current budget as a result of benefiting from regulation of fringe lenders (moderate),,,
292,Banking,,Benefiting from regulation of fringe lenders (significant),,,Effect on a household's current budget as a result of benefiting from regulation of fringe lenders (significant),,,
278,Banking,,Benefiting from check cashing fee regulation,,,Effect on a household's current budget as a result of benefiting from check cashing fee regulation,,,
288,Banking,,Having access to prime rate short-term credit,,,Effect on a household's current budget as a result of having access to prime rate short-term credit,,,
1,Criminal Justice,,Avoiding interactions with the criminal justice system,,,Effect on adolescent or young adult's future income by avoiding interactions with the criminal justice system,,,
6,Criminal Justice,,Benefiting from violence interruption strategies ,,,Effect on adolescent or young adult's future income by benefiting from violence interruption strategies ,,,
24,Criminal Justice,,Benefiting from decriminalization policies - impact through reduced criminal records,,,Effect on adolescent or young adult's future income by benefiting from decriminalization policies - impact through reduced criminal records,,,
25,Criminal Justice,,Benefiting from decriminalization policies  - impact through decreased incarceration rates,,,Effect on adolescent or young adult's future income by benefiting from decriminalization policies  - impact through decreased incarceration rates,,,
26,Criminal Justice,,Benefiting from the use of Drug Court ,,,Effect on adolescent or young adult's future income by benefiting from the use of Drug Court ,,,
11,Criminal Justice,,Benefiting from police de-escalation strategies (moderate),,,Effect on adolescent or young adult's future income by benefiting from police de-escalation strategies (moderate),,,
12,Criminal Justice,,Benefiting from police de-escalation strategies (significant),,,Effect on adolescent or young adult's future income by benefiting from police de-escalation strategies (significant),,,
32,Criminal Justice,,Increased access to high quality public defenders ,,,Effect on adolescent or young adult's future income by increased access to high quality public defenders ,,,
36,Criminal Justice,,Benefiting from record expungement ,,,Effect on adolescent or young adult's future income by benefiting from record expungement ,,,
30,Criminal Justice,,Benefiting from bail reform ,,,Effect on adolescent or young adult's future income by benefiting from bail reform ,,,
423,Other,,Having reliable and affordable access to physical and digital infrastructure (including transit and internet),,,Effect on a household's current budget as a result of having reliable and affordable access to physical and digital infrastructure (including transit and internet),,,
428,Other,,Living with a working adult partner (including cohabitation and marriage),,,Effect on a household's current budget as a result of living with a working adult partner (including cohabitation and marriage),,,
433,Other,,Having strong social and professional networks,,,Effect on child's future income as a result of having strong social and professional networks,,,
438,Other,,Not having to provide unpaid care for adult family members,,,Effect on a household's current budget as a result of not having to provide unpaid care for adult family members,,,
600,Combinations,Multiple Education Interventions ,K-12 funding reform + high-dosage tutoring,,FALSE,Effect of K-12 funding reform and high-dosage tutoring on a child's future income,,,
602,Combinations,Multiple Education Interventions ,Community schools + mentorship ,,FALSE,Effect of community schools and mentorship  on a child's future income,,,
604,Combinations,Multiple Education Interventions ,Teacher quality + science of reading,,FALSE,Effect of having a high quality teacher and the science of reading on a child's future income,,,
606,Combinations,Multiple Education Interventions ,Head Start + K-12 funding reform ,,FALSE,Effect of attending Head Start and benefiting from K-12 funding reform  on a child's future income,,,
608,Combinations,Multiple Education Interventions ,Head Start + attending an integrated school,,FALSE,Effect of attending Head Start and attending an integrated school on a child's future income,,,
610,Combinations,Multiple Education Interventions ,Model preschool + K-12 funding reform,,FALSE,Effect of attending a model preschool and K-12 funding reform on a child's future income,,,
612,Combinations,Multiple Education Interventions ,Model preschool + high quality charter school,,FALSE,Effects of attending a model preschool and high quality charter school on a child's future income,Model preschool and high quality charter school on a child's future income,Effects of model preschool and high quality charter school on a child's future income,model preschool and high quality charter school on a child's future income
614,Combinations,Multiple Education Interventions ,Head start + college advising supports,,FALSE,Effects of Head Start and college advising supports on a child's future income,Head start and college advising supports on a child's future income,Effects of head start and college advising supports on a child's future income,head start and college advising supports on a child's future income
616,Combinations,Multiple Education Interventions ,Head start + college quality ,,FALSE,Effects of Head Start and college quality on a child's future income,Head start and college quality  on a child's future income,Effects of head start and college quality  on a child's future income,head start and college quality  on a child's future income
618,Combinations,Multiple Education Interventions ,Head start + community college quality,,FALSE,Effects of Head Start and community college quality on a child's future income,Head start and community college quality on a child's future income,Effects of head start and community college quality on a child's future income,head start and community college quality on a child's future income
620,Combinations,Multiple Education Interventions ,High-dosage tutoring + college advising supports ,,FALSE,Effects of high-dosage tutoring and college advising supports  on a child's future income,High-dosage tutoring and college advising supports  on a child's future income,Effects of high-dosage tutoring and college advising supports  on a child's future income,high-dosage tutoring and college advising supports  on a child's future income
622,Combinations,Multiple Education Interventions ,Model preschool + K-12 funding reform + college persistence supports ,,FALSE,"Effects of attending a model preschool, benefiting from K-12 funding reform and receiving college persistence supports  on a child's future income","Model preschool, K-12 funding reform and college persistence supports  on a child's future income","Effects of model preschool, K-12 funding reform and college persistence supports  on a child's future income","model preschool, K-12 funding reform and college persistence supports  on a child's future income"
624,Combinations,Multiple Education Interventions ,Head Start + teacher quality + college matching supports ,,FALSE,"Effects of Head Start, teacher quality and college matching supports  on a child's future income",Head Start and teacher quality and college matching supports  on a child's future income,Effects of head Start and teacher quality and college matching supports  on a child's future income,head Start and teacher quality and college matching supports  on a child's future income
626,Combinations,Multiple Education Interventions ,Teacher quality + career and technical ed,,FALSE,Effects of teacher quality and career and technical ed on a child's future income,Teacher quality and career and technical ed on a child's future income,Effects of teacher quality and career and technical ed on a child's future income,teacher quality and career and technical ed on a child's future income
628,Combinations,Multiple Education Interventions ,Head Start + career and technical ed,,FALSE,Effects of Head Start and career and technical ed on a child's future income,Head Start and career and technical ed on a child's future income,Effects of head Start and career and technical ed on a child's future income,head Start and career and technical ed on a child's future income
632,Combinations,Mix of Education and Non-Education Interventions in Childhood,K-12 funding reform + expanded Earned Income Tax Credit (child),,FALSE,Effects of K-12 funding reform and expanded Earned Income Tax Credit (child) on a child's future income,K-12 funding reform and expanded Earned Income Tax Credit (child) on a child's future income,Effects of k-12 funding reform and expanded Earned Income Tax Credit (child) on a child's future income,k-12 funding reform and expanded Earned Income Tax Credit (child) on a child's future income
634,Combinations,Mix of Education and Non-Education Interventions in Childhood,K-12 funding reform + increased access to public benefits (child),,FALSE,Effects of K-12 funding reform and increased access to public benefits (child) on a child's future income,K-12 funding reform and increased access to public benefits (child) on a child's future income,Effects of k-12 funding reform and increased access to public benefits (child) on a child's future income,k-12 funding reform and increased access to public benefits (child) on a child's future income
636,Combinations,Mix of Education and Non-Education Interventions in Childhood,Affordable housing (child) + teacher quality,,FALSE,Effects of having access to affordable housing and a high quality teacher on a child's future income,Having access to affordable housing and a high quality teacher on a child's future income,Effects of having access to affordable housing and a high quality teacher on a child's future income,having access to affordable housing and a high quality teacher on a child's future income
638,Combinations,Mix of Education and Non-Education Interventions in Childhood,Affordable housing (child) + Medicaid (child) + K-12 funding reform ,,FALSE,"Effects of having access to affordable housing (child), Medicaid (child) and K-12 funding reform  on a child's future income","Having access to  affordable housing (child), Medicaid (child) and K-12 funding reform  on a child's future income","Effects of having access to  affordable housing (child), Medicaid (child) and K-12 funding reform  on a child's future income","having access to  affordable housing (child), Medicaid (child) and K-12 funding reform  on a child's future income"
640,Combinations,Mix of Education and Non-Education Interventions in Childhood,Home visiting + Medicaid (child),50%,FALSE,Effects of having access to home visiting and Medicaid (child) on a child's future income,Having access to  home visiting and Medicaid (child) on a child's future income,Effects of having access to  home visiting and Medicaid (child) on a child's future income,having access to  home visiting and Medicaid (child) on a child's future income
642,Combinations,Mix of Education and Non-Education Interventions in Childhood,Model preschool + increased Supplemental Nutrition Assistance benefits (child),,FALSE,Effects of having access to model preschool and increased Supplemental Nutrition Assistance benefits (child) on a child's future income,Having access to  model preschool and increased Supplemental Nutrition Assistance benefits (child) on a child's future income,Effects of having access to  model preschool and increased Supplemental Nutrition Assistance benefits (child) on a child's future income,having access to  model preschool and increased Supplemental Nutrition Assistance benefits (child) on a child's future income
644,Combinations,Mix of Education and Non-Education Interventions in Childhood,Affordable housing (child) + model preschool + K-12 funding reform,,FALSE,Effects of having access to affordable housing (child) and model preschool and K-12 funding reform on a child's future income,Having access to  affordable housing (child) and model preschool and K-12 funding reform on a child's future income,Effects of having access to  affordable housing (child) and model preschool and K-12 funding reform on a child's future income,having access to  affordable housing (child) and model preschool and K-12 funding reform on a child's future income
646,Combinations,Mix of Education and Non-Education Interventions in Childhood,Head start + affordable housing (child) + increased Earned Income Tax Credit (child) + K-12 funding reform ,,FALSE,Effects of having access to Head start and affordable housing (child) and increased Earned Income Tax Credit (child) and K-12 funding reform  on a child's future income,Having access to  Head start and affordable housing (child) and increased Earned Income Tax Credit (child) and K-12 funding reform  on a child's future income,Effects of having access to  Head start and affordable housing (child) and increased Earned Income Tax Credit (child) and K-12 funding reform  on a child's future income,having access to  Head start and affordable housing (child) and increased Earned Income Tax Credit (child) and K-12 funding reform  on a child's future income
650,Combinations,Mix of Education and Non-Education Interventions in Childhood,Head Start + moving to a neighborhood with a lower poverty rate (moderate move),,FALSE,Effects of having access to Head Start and moving to a neighborhood with a lower poverty rate (moderate move) on a child's future income,Having access to  Head Start and moving to a neighborhood with a lower poverty rate (moderate move) on a child's future income,Effects of having access to  Head Start and moving to a neighborhood with a lower poverty rate (moderate move) on a child's future income,having access to  Head Start and moving to a neighborhood with a lower poverty rate (moderate move) on a child's future income
651,Combinations,Mix of Education and Non-Education Interventions in Childhood,Head Start + moving to a neighborhood with a lower poverty rate (significant move),,TRUE,Effects of having access to Head Start and moving to a neighborhood with a lower poverty rate (significant move) on a child's future income,Having access to  Head Start and moving to a neighborhood with a lower poverty rate (significant move) on a child's future income,Effects of having access to  Head Start and moving to a neighborhood with a lower poverty rate (significant move) on a child's future income,having access to  Head Start and moving to a neighborhood with a lower poverty rate (significant move) on a child's future income
652,Combinations,Mix of Education and Non-Education Interventions in Childhood,School integration + community investment (moderate),,FALSE,Effects of having access to school integration and community investment (moderate) on a child's future income,Having access to  school integration and community investment (moderate) on a child's future income,Effects of having access to  school integration and community investment (moderate) on a child's future income,having access to  school integration and community investment (moderate) on a child's future income
653,Combinations,Mix of Education and Non-Education Interventions in Childhood,School integration + community investment (significant),,TRUE,Effects of having access to school integration and community investment (significant) on a child's future income,Having access to  school integration and community investment (significant) on a child's future income,Effects of having access to  school integration and community investment (significant) on a child's future income,having access to  school integration and community investment (significant) on a child's future income
654,Combinations,Mix of Education and Non-Education Interventions in Childhood,Moving to a neighborhood with a lower poverty rate (modest) + K-12 funding reform,,FALSE,Effects of moving to a neighborhood with a lower poverty rate (modest) and K-12 funding reform on a child's future income,Moving to a neighborhood with a lower poverty rate (modest) and K-12 funding reform on a child's future income,Effects of moving to a neighborhood with a lower poverty rate (modest) and K-12 funding reform on a child's future income,moving to a neighborhood with a lower poverty rate (modest) and K-12 funding reform on a child's future income
655,Combinations,Mix of Education and Non-Education Interventions in Childhood,Moving to a neighborhood with a lower poverty rate (significant) + K-12 funding reform,,TRUE,Effects of moving to a neighborhood with a lower poverty rate (significant) and K-12 funding reform on a child's future income,Moving to a neighborhood with a lower poverty rate (significant) and K-12 funding reform on a child's future income,Effects of moving to a neighborhood with a lower poverty rate (significant) and K-12 funding reform on a child's future income,moving to a neighborhood with a lower poverty rate (significant) and K-12 funding reform on a child's future income
656,Combinations,Mix of Education and Non-Education Interventions in Childhood,Community investment (moderate) + teacher quality ,,FALSE,Effects of having access to community investment (moderate) and a high quality teacher on a child's future income,Having access to  community investment (moderate) and a high quality teacher on a child's future income,Effects of having access to  community investment (moderate) and a high quality teacher on a child's future income,having access to  community investment (moderate) and a high quality teacher on a child's future income
657,Combinations,Mix of Education and Non-Education Interventions in Childhood,Community investment (significant) + teacher quality ,,TRUE,Effects of having access to community investment (significant) and high quality teacher  on a child's future income,Having access to  community investment (significant) and high quality teacher  on a child's future income,Effects of having access to  community investment (significant) and high quality teacher  on a child's future income,having access to  community investment (significant) and high quality teacher  on a child's future income
658,Combinations,Mix of Education and Non-Education Interventions in Childhood,Model preschool + community investment (moderate),,FALSE,Effects of having access to a model preschool and community investment (moderate) on a child's future income,Having access to  a model preschool and community investment (moderate) on a child's future income,Effects of having access to  a model preschool and community investment (moderate) on a child's future income,having access to  a model preschool and community investment (moderate) on a child's future income
659,Combinations,Mix of Education and Non-Education Interventions in Childhood,Model preschool + community investment (significant),,TRUE,Effects of having access to a model preschool and community investment (significant) on a child's future income,Having access to  a model preschool and community investment (significant) on a child's future income,Effects of having access to  a model preschool and community investment (significant) on a child's future income,having access to  a model preschool and community investment (significant) on a child's future income
662,Combinations,Mix of Education and Non-Education Interventions in Childhood,K-12 funding reform + decriminalization policies,,FALSE,Effects of having access to K-12 funding reform and decriminalization policies on a child's future income,Having access to  K-12 funding reform and decriminalization policies on a child's future income,Effects of having access to  K-12 funding reform and decriminalization policies on a child's future income,having access to  K-12 funding reform and decriminalization policies on a child's future income
664,Combinations,Mix of Education and Non-Education Interventions in Childhood,Mentoring + violence interruption strategies ,,FALSE,Effects of having access to mentoring and violence interruption strategies  on a child's future income,Having access to  mentoring and violence interruption strategies  on a child's future income,Effects of having access to  mentoring and violence interruption strategies  on a child's future income,having access to  mentoring and violence interruption strategies  on a child's future income
668,Combinations,Childhood + Adult Interventions ,Teacher quality + union representation ,50%,FALSE,Effects of having a high quality teacher as a child and being represented by a union as an adult,Having a high quality teacher as a child and being represented by a union as an adult,Effects of having a high quality teacher as a child and being represented by a union as an adult,having a high quality teacher as a child and being represented by a union as an adult
670,Combinations,Childhood + Adult Interventions ,K-12 funding reform + competition policy to reduce firm power to set wages,,FALSE,Effects of having access to  K-12 funding reform as a child and competition policy to reduce firm power to set wages as an adult,Having access to  K-12 funding reform as a child and competition policy to reduce firm power to set wages as an adult,Effects of having access to  K-12 funding reform as a child and competition policy to reduce firm power to set wages as an adult,having access to  K-12 funding reform as a child and competition policy to reduce firm power to set wages as an adult
674,Combinations,Childhood + Adult Interventions ,High quality charter + increased Earned Income Tax Credit (adult) ,,FALSE,Effects of attending a high quality charter as a child and having access to increased Earned Income Tax Credit as an adult,Attending a high quality charter as a child and having access to increased Earned Income Tax Credit as an adult,Effects of attending a high quality charter as a child and having access to increased Earned Income Tax Credit as an adult,attending a high quality charter as a child and having access to increased Earned Income Tax Credit as an adult
676,Combinations,Childhood + Adult Interventions ,K-12 funding reform + increased Earned Income Tax Credit (adult),,FALSE,Effects of having access to  K-12 funding reform as a child and increased Earned Income Tax Credit as an adult,Having access to  K-12 funding reform as a child and increased Earned Income Tax Credit as an adult,Effects of having access to  K-12 funding reform as a child and increased Earned Income Tax Credit as an adult,having access to  K-12 funding reform as a child and increased Earned Income Tax Credit as an adult
680,Combinations,Childhood + Adult Interventions ,Head Start + affordable housing (adult),,FALSE,Effects of attending Head Start as a child and accessing affordable housing as an adult,Attending Head Start as a child and accessing affordable housing as an adult,Effects of attending Head Start as a child and accessing affordable housing as an adult,attending Head Start as a child and accessing affordable housing as an adult
684,Combinations,Multiple Non-Education Interventions in Childhood ,Increased Earned Income Tax Credit (child) + affordable housing (child),,FALSE,Effects of having access to Increased Earned Income Tax Credit and affordable housing on a child's future income,Having access to  Increased Earned Income Tax Credit and affordable housing on a child's future income,Effects of having access to  Increased Earned Income Tax Credit and affordable housing on a child's future income,having access to  Increased Earned Income Tax Credit and affordable housing on a child's future income
686,Combinations,Multiple Non-Education Interventions in Childhood ,Accessing increased public benefits (child) + affordable housing (child),,FALSE,Effects of having access to  increased public benefits and affordable housing on a child's future income,Having access to  increased public benefits and affordable housing on a child's future income,Effects of having access to  increased public benefits and affordable housing on a child's future income,having access to  increased public benefits and affordable housing on a child's future income
690,Combinations,Multiple Non-Education Interventions in Childhood ,Increased Earned Income Tax Credit (child)  + moving to a neighborhood with a lower poverty rate,,FALSE,Effects of having access to Increased Earned Income Tax Credit and moving to a neighborhood with a lower poverty rate on a child's future income,Having access to  Increased Earned Income Tax Credit and moving to a neighborhood with a lower poverty rate on a child's future income,Effects of having access to  Increased Earned Income Tax Credit and moving to a neighborhood with a lower poverty rate on a child's future income,having access to  Increased Earned Income Tax Credit and moving to a neighborhood with a lower poverty rate on a child's future income
692,Combinations,Multiple Non-Education Interventions in Childhood ,Affordable housing (child) + moving to a neighborhood with a lower poverty rate,,FALSE,Effects of having access to affordable housing and moving to a neighborhood with a lower poverty rate on a child's future income,Having access to  affordable housing and moving to a neighborhood with a lower poverty rate on a child's future income,Effects of having access to  affordable housing and moving to a neighborhood with a lower poverty rate on a child's future income,having access to  affordable housing and moving to a neighborhood with a lower poverty rate on a child's future income
694,Combinations,Multiple Non-Education Interventions in Childhood ,Increased Supplemental Nutrition Assistance (child) + community investment,,FALSE,Effects of having access to Increased Supplemental Nutrition Assistance and community investment on a child's future income,Having access to  Increased Supplemental Nutrition Assistance and community investment on a child's future income,Effects of having access to  Increased Supplemental Nutrition Assistance and community investment on a child's future income,having access to  Increased Supplemental Nutrition Assistance and community investment on a child's future income
696,Combinations,3+ Interventions ,Accessing increased public benefits (child) + affordable housing + moving to a neighborhood with a lower poverty rate,,FALSE,Effects of having access to increased public benefits (child) and affordable housing and moving to a neighborhood with a lower poverty rate on a child's future income,Having access to  increased public benefits (child) and affordable housing and moving to a neighborhood with a lower poverty rate on a child's future income,Effects of having access to  increased public benefits (child) and affordable housing and moving to a neighborhood with a lower poverty rate on a child's future income,having access to  increased public benefits (child) and affordable housing and moving to a neighborhood with a lower poverty rate on a child's future income
700,Combinations,Household Support + Criminal Justice Reform,Accessing increased public benefits (child) + decriminalization strategies,,FALSE,Effects of having access to increased public benefits (child) and decriminalization strategies on a child's future income,Having access to  increased public benefits (child) and decriminalization strategies on a child's future income,Effects of having access to  increased public benefits (child) and decriminalization strategies on a child's future income,having access to  increased public benefits (child) and decriminalization strategies on a child's future income
704,Combinations,Childhood + Adult Interventions ,Accessing increased pubic benefits (child) + union representation ,,FALSE,Effects of having access to increased pubic benefits (child) and union representation  on a child's future income,Having access to  increased pubic benefits (child) and union representation  on a child's future income,Effects of having access to  increased pubic benefits (child) and union representation  on a child's future income,having access to  increased pubic benefits (child) and union representation  on a child's future income
706,Combinations,Childhood + Adult Interventions ,Accessing increased public benefits (child) + increased minimum wage ,,FALSE,Effects of having access to increased public benefits (child) and increased minimum wage  on a child's future income,Having access to  increased public benefits (child) and increased minimum wage  on a child's future income,Effects of having access to  increased public benefits (child) and increased minimum wage  on a child's future income,having access to  increased public benefits (child) and increased minimum wage  on a child's future income
710,Combinations,Childhood + Adult Interventions ,Accessing increased public benefits (child) +  increased Earned Income Tax Credit (adult) ,,FALSE,Effects of having access to increased public benefits (child) and  increased Earned Income Tax Credit (adult)  on a child's future income,Having access to  increased public benefits (child) and  increased Earned Income Tax Credit (adult)  on a child's future income,Effects of having access to  increased public benefits (child) and  increased Earned Income Tax Credit (adult)  on a child's future income,having access to  increased public benefits (child) and  increased Earned Income Tax Credit (adult)  on a child's future income
712,Combinations,Childhood + Adult Interventions ,Accessing increased public benefits (child) + affordable housing (child) + increased Earned Income Tax Credit (adult)  ,,FALSE,Effects of having access to increased public benefits (child) and affordable housing (child) and increased Earned Income Tax Credit (adult)   on a child's future income,Having access to  increased public benefits (child) and affordable housing (child) and increased Earned Income Tax Credit (adult)   on a child's future income,Effects of having access to  increased public benefits (child) and affordable housing (child) and increased Earned Income Tax Credit (adult)   on a child's future income,having access to  increased public benefits (child) and affordable housing (child) and increased Earned Income Tax Credit (adult)   on a child's future income
716,Combinations,Childhood + Adult Interventions ,Accessing increased public benefits (child) + regulation of fringe lenders  ,,FALSE,Effects of having access to increased public benefits (child) and regulation of fringe lenders   on a child's future income,Having access to  increased public benefits (child) and regulation of fringe lenders   on a child's future income,Effects of having access to  increased public benefits (child) and regulation of fringe lenders   on a child's future income,having access to  increased public benefits (child) and regulation of fringe lenders   on a child's future income
718,Combinations,Childhood + Adult Interventions ,Accessing increased public benefits (child) + affordable housing (adult) ,,FALSE,Effects of having access to increased public benefits (child) and affordable housing (adult)  on a child's future income,Having access to  increased public benefits (child) and affordable housing (adult)  on a child's future income,Effects of having access to  increased public benefits (child) and affordable housing (adult)  on a child's future income,having access to  increased public benefits (child) and affordable housing (adult)  on a child's future income
720,Combinations,Childhood + Adult Interventions ,Affordable housing (child) + affordable housing (adult) ,,FALSE,Effects of having access to affordable housing as an child and affordable housing as an adult,Having access to affordable housing as an child and affordable housing as an adult,Effects of having access to affordable housing as an child and affordable housing as an adult,having access to affordable housing as an child and affordable housing as an adult
724,Combinations,Multiple Non-Education Interventions in Childhood ,Community investment + community investment,,FALSE,Effect on child's future income of significant community investment,,Effects of ,
728,Combinations,Multiple Non-Education Interventions in Childhood ,Community investment + decriminalization policies,,FALSE,Effects on child's future income of moderate community investment and decriminalization policies as an adolescent/young adult,,Effects of ,
730,Combinations,Multiple Non-Education Interventions in Childhood ,Community investment + drug court ,,FALSE,Effects on child's future income of moderate community investment and drug court as an adolescent/young adult,,Effects of ,
734,Combinations,Multiple Non-Education Interventions in Childhood ,Community investment + union representation ,,FALSE,Effects on child's future income of moderate community investment and union representation as an adult,,Effects of ,
738,Combinations,Childhood + Adult Interventions ,Community investment + increased Earned Income Tax Credit (adult) ,,FALSE,Effects on child's future income of moderate community investment and  increased Earned Income Tax Credit as an adult,,Effects of ,
742,Combinations,Childhood + Adult Interventions ,Community investment + affordable housing (adult),,FALSE,Effects on child's future income of moderate community investment and access to affordable housing as an adult,,Effects of ,
830,Combinations,Multiple Non-Education Interventions in Childhood ,Public defenders + bail reform,,FALSE,Effects on adolescent/young adult's future income of public defenders and bail reform as an adolescent/young adult,,Effects of ,
750,Combinations,Childhood + Adult Interventions ,Decriminalization policies + union representation ,,FALSE,Effects on adolescent/young adult's future income of decriminalization as an adolescent/young adult and union representation as an adult,,Effects of ,
754,Combinations,Childhood + Adult Interventions ,Decriminalization policies + increased Earned Income Tax Credit (adult) ,,FALSE,Effects on adolescent/young adult's future income of decriminalization as an adolescent/young adult and Earned Income Tax Credit as an adult,,Effects of ,
758,Combinations,Childhood + Adult Interventions ,Decriminalization policies + affordable housing (adult) ,,FALSE,Effects on adolescent/young adult's future income of decriminalization as an adolescent/young adult and Earned Income Tax Credit as an adult,,Effects of ,
762,Combinations,Multiple Adult Interventions,Union representation + increased Earned Income Tax Credit (adult) ,,FALSE,Effects on adolescent/young adult's future income of decriminalization as an adolescent/young adult and Earned Income Tax Credit as an adult,,Effects of ,
764,Combinations,Multiple Adult Interventions,Competition policy + increased Supplemental Nutrition Assistance (adult),,FALSE,Having access to a competition policy and having access to increased Supplemental Nutrition Assistance as an adult,,Effects of ,
768,Combinations,Multiple Adult Interventions,Union representation + regulation of fringe lenders,,FALSE,Having access to Union representation and regulation of fringe lenders,,Effects of ,
770,Combinations,Multiple Adult Interventions,Union representation + affordable housing (adult) ,,FALSE,Having access to union representation and affordable housing as an adult,,Effects of ,
774,Combinations,Multiple Adult Interventions,increased Earned Income Tax Credit (adult) + increased Earned Income Tax Credit (adult) ,,FALSE,Having access to increased Earned Income Tax Credit and increased Earned Income Tax Credit as an adult,,Effects of ,
778,Combinations,Multiple Adult Interventions,increased Earned Income Tax Credit (adult)  + affordable housing (adult) ,,FALSE,Having access to increased Earned Income Tax Credit and affordable housing as an adult,,Effects of ,
782,Combinations,Multiple Adult Interventions,Affordable housing (adult) + regulation of fringe lenders ,,FALSE,Having access to affordable housing and regulation of fringe lenders as an adult,,Effects of ,
786,Combinations,Multiple Non-Education Interventions in Childhood ,Affordable housing (child) + avoiding interactions with the criminal justice system ,,FALSE,Effects of having access to affordable housing as a child and avoiding interactions with the criminal justice system as a adolescent/young adult on a child's future income,,Effects of ,
788,Combinations,Multiple Mobility Experiences,Accessing early childhood education + accessing extracurriculars ,,FALSE,Having access to early childhood education and extracurriculars  on a child's future income,,Effects of ,
790,Combinations,Multiple Mobility Experiences,Accessing medical care (child) + accessing to nutritious diet (child) ,,FALSE,Having access to medical care and a nutritious diet on a child's future income,,Effects of ,
792,Combinations,Multiple Mobility Experiences,Low exposure to ACEs + not having to provide unpaid care ,,FALSE,Effects of low exposure to ACEs as a child and not having to provide unpaid care as an adult,,Effects of ,
794,Combinations,Multiple Mobility Experiences,Affordable housing (child) + access to public benefits (child) + accessing early childhood education ,,FALSE,"Having access to affordable housing, public benefits and early childhood education  on a child's future income",,Effects of ,
796,Combinations,Multiple Mobility Experiences,Affordable housing (child) + access to public benefits (child) + accessing early childhood education + living in a high mobility neighborhood,,FALSE,"Having access to affordable housing, access to public benefits, early childhood education and living in a high mobility neighborhood on a child's future income",,Effects of ,
798,Combinations,Multiple Mobility Experiences,Accessing nutritious diet + accessing extracurriculars + having strong networks ,,FALSE,"Having access to a nutritious diet, extracurriculars and having strong networks  on a child's future income",,Effects of ,
802,Combinations,Multiple Mobility Experiences,"Avoiding involuntary unemployment + accessing stable, affordable housing (adult)",,FALSE,"Effects of avoiding involuntary unemployment and accessing stable, affordable housing as an adult",,Effects of ,
804,Combinations,Multiple Mobility Experiences,Obtaining first job with opportunity for advancement + receiving job skills or training,,FALSE,Effects of obtaining a first job with opportunity for advancement and receiving job skills or training,,Effects of ,
806,Combinations,Multiple Mobility Experiences,Accessing public benefits (adult) + experiencing financial inclusion ,,FALSE,Effects of accessing public benefits and experiencing financial inclusion,,Effects of ,
808,Combinations,Multiple Mobility Experiences,Living with adult partner + accessing medical care (adult) ,,FALSE,Effects of living with adult partner and accessing medical care,,Effects of ,
810,Combinations,Multiple Mobility Experiences,"Receiving job skills or training + accessing stable, affordable housing + accessing public benefits (adult) ",,FALSE,"Effects of receiving job skills or training, accessing stable, affordable housing and accessing public benefits",,Effects of ,
812,Combinations,Multiple Mobility Experiences,Accessing physical / digital infrastructure + accessing public benefits (adult) ,,FALSE,Having access to physical / digital infrastructure and accessing public benefits as an adult on a child's future income,,Effects of ,
816,Combinations,Multiple Mobility Experiences,Completing college + obtain first job with opportunity for advancement ,,FALSE,Effects of completing college and obtaining a first job with opportunity for advancement on a child's future income,,Effects of ,
818,Combinations,Multiple Mobility Experiences,Accessing early childhood education + living in a high mobility neighborhood + receiving mentorship + accessing affordable housing (adult),,FALSE,"Having access to early childhood education, living in a high mobility neighborhood, receiving mentorship and accessing affordable housing as an adult on a child's future income",,Effects of ,
820,Combinations,Multiple Mobility Experiences,Affordable housing (child) + accessing early childhood education + receiving mentorship + experiencing financial inclusion + affordable housing (adult) ,,FALSE,"Having access to affordable housing, early childhood education, receiving mentorship and experiencing financial inclusion as an adult and affordable housing as an adult",,Effects of ,
822,Combinations,Multiple Mobility Experiences,Accessing early childhood education + affordable housing (child) + living in a high mobility neighborhood + receiving job skills or training + affordable housing (adult) ,,FALSE,"Having access to early childhood education, affordable housing, living in a high mobility neighborhood and receiving job skills or training as an adult and affordable housing as an adult",,Effects of ,
826,Combinations,3+ Interventions,Model preschool + affordable housing (child) + K-12 education funding reform + union representation + affordable housing (adult),,FALSE,"Having access to a model preschool, affordable housing, K-12 education funding reform, union representation as an adult and affordable housing as an adult",,Effects of ,
828,Combinations,3+ Interventions,Model preschool + affordable housing (child) + community investment + teacher quality + union representation + affordable housing (adult) + experiencing financial inclusion (adult),,FALSE,"Having access to a model preschool, affordable housing, community investment, teacher quality, union representation as an adult, affordable housing as an adult and experiencing financial inclusion as an adult",,Effects of ,